Sno,Dates
1,2016-03-14 17:32:30
2,2016-06-12 00:54:38
3,2016-01-19 12:10:48
4,2016-04-06 19:39:40
5,2016-03-26 13:38:10
6,2016-01-30 22:09:03
7,2016-06-17 22:40:40
8,2016-05-21 08:20:49
9,2016-05-27 23:16:38
10,2016-03-10 22:05:26
11,2016-05-10 22:29:55
12,2016-05-15 11:34:59
13,2016-02-19 10:11:20
14,2016-06-01 21:02:49
15,2016-05-27 01:07:10
16,2016-05-16 15:32:33
17,2016-04-11 18:08:26
18,2016-04-14 09:00:37
19,2016-06-27 10:17:10
20,2016-06-05 13:51:34
21,2016-02-28 02:31:08
22,2016-04-01 12:23:17
23,2016-04-09 03:41:30
24,2016-06-25 10:55:49
25,2016-06-03 08:56:30
26,2016-02-14 13:49:19
27,2016-02-27 22:14:51
28,2016-06-20 23:18:50
29,2016-06-13 22:12:19
30,2016-03-23 14:49:30
31,2016-05-17 11:12:30
32,2016-05-21 13:20:52
33,2016-05-10 19:44:40
34,2016-04-17 15:16:19
35,2016-01-09 13:07:22
36,2016-03-11 07:20:09
37,2016-01-05 15:39:07
38,2016-06-23 23:04:46
39,2016-05-27 14:46:01
40,2016-05-10 16:40:19
41,2016-04-21 21:52:37
42,2016-04-14 13:46:14
43,2016-03-14 14:28:05
44,2016-03-19 01:18:49
45,2016-02-12 07:51:15
46,2016-06-13 16:16:58
47,2016-01-03 17:04:50
48,2016-02-26 08:43:15
49,2016-05-18 22:10:41
50,2016-04-10 19:25:39
51,2016-01-19 23:44:58
52,2016-05-07 13:46:19
53,2016-02-15 09:35:49
54,2016-04-13 14:30:52
55,2016-05-15 09:56:37
56,2016-04-19 12:27:56
57,2016-01-02 16:01:39
58,2016-04-22 12:11:27
59,2016-03-14 15:16:13
60,2016-03-19 17:48:57
61,2016-02-29 02:55:10
62,2016-01-07 17:13:33
63,2016-05-13 12:40:44
64,2016-05-24 12:28:33
65,2016-04-10 16:10:40
66,2016-05-21 17:46:53
67,2016-02-29 11:35:43
68,2016-06-25 22:22:29
69,2016-03-18 20:59:51
70,2016-02-03 16:37:20
71,2016-06-07 22:46:06
72,2016-03-16 20:23:49
73,2016-02-20 21:59:10
74,2016-02-20 19:07:32
75,2016-03-24 18:36:46
76,2016-03-20 23:27:26
77,2016-05-16 13:34:18
78,2016-06-17 18:11:56
79,2016-03-23 00:45:24
80,2016-04-12 21:49:06
81,2016-06-11 13:12:10
82,2016-02-25 15:09:31
83,2016-01-07 19:40:55
84,2016-06-05 18:46:52
85,2016-06-13 07:24:28
86,2016-01-16 21:42:45
87,2016-04-07 00:12:08
88,2016-05-13 21:06:29
89,2016-01-28 11:30:56
90,2016-06-24 14:32:21
91,2016-05-27 16:23:22
92,2016-05-22 15:48:28
93,2016-05-18 19:44:49
94,2016-03-31 12:12:31
95,2016-02-13 13:19:35
96,2016-01-20 19:31:27
97,2016-06-02 23:41:15
98,2016-02-04 13:40:30
99,2016-03-30 17:01:33
100,2016-04-29 10:53:23
101,2016-06-01 12:19:07
102,2016-05-18 21:18:55
103,2016-02-19 20:35:49
104,2016-03-15 21:14:37
105,2016-06-06 20:45:20
106,2016-01-27 08:24:01
107,2016-04-09 15:11:30
108,2016-05-27 11:26:34
109,2016-05-10 10:35:25
110,2016-01-10 08:51:44
111,2016-02-18 17:54:03
112,2016-05-22 18:20:01
113,2016-03-12 21:05:40
114,2016-01-26 23:48:39
115,2016-01-30 15:30:47
116,2016-06-27 01:06:44
117,2016-05-02 07:08:17
118,2016-04-11 14:34:33
119,2016-01-21 14:44:10
120,2016-02-09 16:04:47
121,2016-04-20 20:39:16
122,2016-01-18 11:18:56
123,2016-01-07 23:26:25
124,2016-06-10 22:41:58
125,2016-06-23 22:21:07
126,2016-02-07 18:15:08
127,2016-03-02 20:37:43
128,2016-02-24 23:03:39
129,2016-04-06 12:33:18
130,2016-06-17 10:16:13
131,2016-06-16 20:36:30
132,2016-03-30 23:56:21
133,2016-01-05 18:13:38
134,2016-03-19 20:04:27
135,2016-01-22 17:37:30
136,2016-05-18 19:12:25
137,2016-05-25 13:27:50
138,2016-03-26 13:29:02
139,2016-01-19 22:28:45
140,2016-05-29 00:24:38
141,2016-02-10 21:09:23
142,2016-02-26 21:14:26
143,2016-03-09 13:53:27
144,2016-04-11 10:56:26
145,2016-02-09 07:12:28
146,2016-03-03 22:17:44
147,2016-03-26 14:53:02
148,2016-05-22 18:16:30
149,2016-05-28 23:07:31
150,2016-03-16 05:45:10
151,2016-05-28 17:56:44
152,2016-06-13 13:31:29
153,2016-05-16 15:08:01
154,2016-01-09 15:12:45
155,2016-05-26 06:52:19
156,2016-05-22 22:46:18
157,2016-04-19 09:45:02
158,2016-04-01 08:10:30
159,2016-02-01 18:13:30
160,2016-04-20 07:56:17
161,2016-04-12 09:35:56
162,2016-06-19 18:48:39
163,2016-03-17 08:26:11
164,2016-04-07 08:51:30
165,2016-01-01 10:51:47
166,2016-01-04 16:51:19
167,2016-06-09 19:07:11
168,2016-04-19 09:14:11
169,2016-06-10 22:23:14
170,2016-03-14 04:37:11
171,2016-04-06 09:14:08
172,2016-04-02 15:06:44
173,2016-04-06 12:40:02
174,2016-04-12 20:24:55
175,2016-02-10 08:42:23
176,2016-02-26 16:23:04
177,2016-01-14 12:37:24
178,2016-04-15 12:09:56
179,2016-02-07 23:25:41
180,2016-04-15 14:47:21
181,2016-06-19 20:29:18
182,2016-01-15 19:31:54
183,2016-02-18 09:45:20
184,2016-01-31 14:03:52
185,2016-01-07 15:49:24
186,2016-06-05 03:14:59
187,2016-05-31 19:27:44
188,2016-06-14 21:21:37
189,2016-02-23 13:40:00
190,2016-06-30 21:46:19
191,2016-02-15 18:02:13
192,2016-04-07 23:10:00
193,2016-01-29 11:33:03
194,2016-06-01 20:34:35
195,2016-04-09 09:20:03
196,2016-01-03 02:17:02
197,2016-04-14 09:03:37
198,2016-01-16 20:51:16
199,2016-04-29 15:05:36
200,2016-03-29 06:09:03
201,2016-01-02 01:19:56
202,2016-02-05 17:30:03
203,2016-05-22 13:21:50
204,2016-05-28 21:41:23
205,2016-03-06 10:59:30
206,2016-05-31 20:00:46
207,2016-05-17 18:10:25
208,2016-04-24 09:37:05
209,2016-04-01 09:42:03
210,2016-05-16 13:33:57
211,2016-02-15 16:41:50
212,2016-01-01 00:19:25
213,2016-03-24 18:32:57
214,2016-01-04 14:36:59
215,2016-03-15 10:07:43
216,2016-06-15 10:27:40
217,2016-03-18 07:53:23
218,2016-04-26 14:57:02
219,2016-05-02 18:38:56
220,2016-04-12 10:34:46
221,2016-06-20 21:47:45
222,2016-05-08 21:16:04
223,2016-01-14 19:23:22
224,2016-01-19 08:17:34
225,2016-03-22 20:33:40
226,2016-02-25 15:35:20
227,2016-02-13 08:12:19
228,2016-05-23 20:51:40
229,2016-03-08 03:04:35
230,2016-01-11 06:25:11
231,2016-06-26 15:23:54
232,2016-06-18 01:10:34
233,2016-01-03 19:53:41
234,2016-03-25 00:36:20
235,2016-04-25 19:47:43
236,2016-05-25 13:57:41
237,2016-04-10 03:57:40
238,2016-06-17 09:06:11
239,2016-06-25 07:48:14
240,2016-02-06 16:15:56
241,2016-06-14 09:43:13
242,2016-03-05 10:45:52
243,2016-06-08 23:19:31
244,2016-02-02 19:09:19
245,2016-04-01 12:52:12
246,2016-01-03 04:09:20
247,2016-02-29 18:42:59
248,2016-06-18 07:19:18
249,2016-04-11 19:58:52
250,2016-04-24 19:32:10
252,2016-03-28 18:12:45
253,2016-01-10 02:57:46
254,2016-03-16 20:11:05
255,2016-02-17 19:17:25
256,2016-02-10 19:45:10
257,2016-02-18 21:26:08
258,2016-05-31 17:38:44
259,2016-02-17 19:09:53
260,2016-04-10 13:22:55
261,2016-02-01 21:12:43
262,2016-02-29 21:45:01
263,2016-02-07 00:26:28
264,2016-04-15 07:49:23
265,2016-02-01 13:27:15
266,2016-03-15 22:43:21
267,2016-03-28 21:49:30
268,2016-05-02 08:52:07
269,2016-04-27 14:46:20
270,2016-01-13 16:24:28
271,2016-06-21 20:56:01
272,2016-06-24 19:45:19
273,2016-05-01 15:31:32
274,2016-01-04 14:45:26
275,2016-03-18 06:17:19
276,2016-06-03 01:56:31
277,2016-02-10 20:29:45
278,2016-03-07 21:47:42
279,2016-04-27 07:50:58
280,2016-06-01 09:48:04
281,2016-06-04 09:04:10
282,2016-03-06 02:24:16
283,2016-03-05 12:57:32
284,2016-04-22 11:33:41
285,2016-03-16 12:27:46
286,2016-02-24 21:06:59
287,2016-03-25 18:42:16
288,2016-02-21 22:30:37
289,2016-03-12 20:36:01
290,2016-04-24 16:56:28
291,2016-02-05 16:07:14
292,2016-05-03 00:04:49
293,2016-02-06 19:12:38
294,2016-02-16 12:27:06
295,2016-06-21 11:24:09
296,2016-05-28 21:40:48
297,2016-03-28 08:09:51
298,2016-03-03 17:27:35
299,2016-03-31 21:58:50
300,2016-03-25 12:23:24
301,2016-02-28 14:06:54
302,2016-05-05 21:53:43
303,2016-03-12 00:10:12
304,2016-02-29 19:38:36
305,2016-02-08 13:27:34
306,2016-05-18 22:28:36
307,2016-04-14 10:39:56
308,2016-05-20 09:03:48
309,2016-05-05 12:26:50
310,2016-05-03 23:30:39
311,2016-04-13 07:32:22
312,2016-02-25 00:35:07
313,2016-03-04 23:31:02
314,2016-05-21 01:25:45
315,2016-04-17 11:37:41
316,2016-03-16 13:32:19
317,2016-05-25 00:30:40
318,2016-03-10 12:25:52
319,2016-02-06 17:13:28
320,2016-03-21 13:21:49
321,2016-06-14 22:39:27
322,2016-04-20 09:41:04
323,2016-01-30 09:57:29
324,2016-01-01 21:17:10
325,2016-03-26 23:44:48
326,2016-02-10 12:14:32
327,2016-03-29 09:27:28
328,2016-01-18 05:20:27
329,2016-06-13 12:31:11
330,2016-05-25 21:16:06
331,2016-06-25 15:28:35
332,2016-01-26 09:33:05
333,2016-02-21 14:33:07
334,2016-06-15 20:57:21
335,2016-02-09 00:27:50
336,2016-06-03 19:03:33
337,2016-05-24 15:11:50
338,2016-03-04 12:37:49
339,2016-05-20 16:10:42
340,2016-01-30 18:14:53
341,2016-04-10 14:40:28
342,2016-03-15 19:46:24
343,2016-04-03 05:40:08
344,2016-03-22 13:47:56
345,2016-01-31 01:23:56
346,2016-03-05 04:05:39
347,2016-05-21 14:29:06
348,2016-04-30 17:39:42
349,2016-06-11 13:31:00
350,2016-03-29 12:41:25
351,2016-02-02 12:49:03
352,2016-02-05 09:06:13
353,2016-04-17 17:29:45
354,2016-04-22 18:35:38
355,2016-03-17 19:31:42
356,2016-04-01 23:36:06
357,2016-04-08 23:57:27
358,2016-03-07 18:29:09
359,2016-03-18 07:04:02
360,2016-05-16 09:49:38
361,2016-02-02 18:22:22
362,2016-06-21 21:22:10
363,2016-04-18 12:38:55
364,2016-06-22 09:59:20
365,2016-05-06 17:14:53
366,2016-04-17 01:35:18
367,2016-02-20 18:11:44
368,2016-03-16 12:24:59
369,2016-01-08 06:31:36
370,2016-03-22 20:48:36
371,2016-02-18 19:50:50
372,2016-02-12 23:52:38
373,2016-01-21 23:54:35
374,2016-06-11 13:52:30
375,2016-01-26 09:57:08
376,2016-05-07 08:57:35
377,2016-06-17 18:37:23
378,2016-04-23 01:11:01
379,2016-04-07 07:18:44
380,2016-04-02 22:19:59
381,2016-03-29 18:40:25
382,2016-05-13 08:40:30
383,2016-03-11 00:29:14
384,2016-01-14 23:46:44
385,2016-04-24 01:40:47
386,2016-05-20 22:05:27
387,2016-06-19 01:39:06
388,2016-02-16 10:02:50
389,2016-06-25 00:30:23
390,2016-01-08 12:17:54
391,2016-05-02 08:48:49
392,2016-04-13 09:27:11
393,2016-05-05 13:35:13
394,2016-04-09 04:57:47
395,2016-04-27 18:50:32
396,2016-02-15 19:46:40
397,2016-06-03 07:44:01
398,2016-05-18 21:48:17
399,2016-03-15 16:55:45
400,2016-04-10 01:09:24
401,2016-02-19 21:30:59
402,2016-06-16 15:10:49
403,2016-05-06 21:15:05
404,2016-03-25 04:41:55
405,2016-03-08 13:20:07
406,2016-01-28 19:13:21
407,2016-02-19 17:31:22
408,2016-06-06 11:40:31
409,2016-05-10 07:16:26
410,2016-02-09 07:58:49
411,2016-04-21 03:51:30
412,2016-03-12 01:23:02
413,2016-05-06 21:12:39
414,2016-03-28 07:24:03
415,2016-02-09 12:41:09
416,2016-06-11 03:00:32
417,2016-04-09 20:52:05
418,2016-01-06 23:22:21
419,2016-03-05 09:52:15
420,2016-03-29 14:25:06
421,2016-04-20 13:06:45
422,2016-05-09 08:26:50
423,2016-02-27 18:26:41
424,2016-02-27 22:52:00
425,2016-02-12 19:45:02
426,2016-04-29 11:40:44
427,2016-03-18 11:01:51
428,2016-06-06 12:04:43
429,2016-06-26 23:40:42
430,2016-03-29 07:06:47
431,2016-02-17 19:15:42
432,2016-05-17 13:55:31
433,2016-05-30 03:56:07
434,2016-05-02 20:23:17
435,2016-05-31 14:57:09
436,2016-05-09 15:41:48
437,2016-04-17 19:10:16
438,2016-04-16 12:41:20
439,2016-02-23 16:03:33
440,2016-03-13 15:34:52
441,2016-05-25 08:12:44
442,2016-06-14 21:16:06
443,2016-02-14 16:02:33
444,2016-06-26 09:51:15
445,2016-04-17 22:29:47
446,2016-01-07 16:06:06
447,2016-06-10 17:23:13
448,2016-04-06 09:36:55
449,2016-05-15 16:40:07
450,2016-05-14 22:57:05
451,2016-03-20 17:14:35
452,2016-03-11 21:08:41
453,2016-06-21 12:55:34
454,2016-04-19 14:57:30
455,2016-04-26 16:21:26
456,2016-04-09 00:53:01
457,2016-01-21 14:24:55
458,2016-05-09 18:30:37
459,2016-06-23 16:25:09
460,2016-05-30 14:42:38
461,2016-02-29 10:58:05
462,2016-02-16 19:51:36
463,2016-01-11 15:53:20
464,2016-04-13 16:38:24
465,2016-03-17 10:37:55
466,2016-03-30 01:06:07
467,2016-03-06 10:46:57
468,2016-02-27 01:40:39
469,2016-01-15 08:39:38
470,2016-02-05 19:33:39
471,2016-03-12 00:01:36
472,2016-02-08 17:21:45
473,2016-02-05 18:11:25
474,2016-04-22 17:29:22
475,2016-04-15 08:34:48
476,2016-04-17 01:52:55
477,2016-04-23 12:26:03
478,2016-04-28 21:10:25
479,2016-05-09 15:12:45
480,2016-02-19 18:36:04
481,2016-01-18 20:44:44
482,2016-03-01 07:23:36
483,2016-01-25 17:54:37
484,2016-01-17 17:25:15
485,2016-06-23 10:25:08
486,2016-05-30 03:14:10
487,2016-06-24 10:43:52
488,2016-06-25 03:53:41
489,2016-05-14 23:24:05
490,2016-03-06 11:17:45
491,2016-03-17 19:26:35
492,2016-04-03 14:07:37
493,2016-05-19 14:50:52
494,2016-02-12 10:26:26
495,2016-04-17 19:00:56
496,2016-02-02 00:46:33
497,2016-04-08 13:44:02
498,2016-01-10 07:46:10
499,2016-04-22 07:10:25
500,2016-01-05 16:02:39
501,2016-04-05 14:47:43
502,
